rank,mint,risk_score,band,clusters_count,max_share,coordination_category,wallets,graph_status,reasons,elapsed_s,error
1,3TbykWTkJi7vu1nQWac4ZiUCfpQMX3qyHeCvxQN1pump,81,high_concentration,1,0.8765,strong,30,complete,complete_data,275.6,
2,4vsZT8joYzyiEYFcToJ4ZVsx9bmxvQNApNAD1ecmpump,80,high_concentration,2,0.7942,strong,30,complete,complete_data,231.3,
3,AKF3enKZKEpaQwwP3fU6ij3P5pj3VEpRXEuQ3NE5pump,74,high_concentration,3,0.5599,strong,30,complete,complete_data,224.9,
4,GnQUsLcyZ3NXUAPXymWoefMYfCwmJazBVkko4vb7pump,72,high_concentration,2,0.9206,strong,30,complete,complete_data,330.8,
5,CiRPW4DnwN3KVJhLKkUpBcXYqxWtD6d6taY2cUUWpump,71,high_concentration,1,0.7105,strong,30,complete,complete_data,190.2,
6,AEWWdz9y5VLLLEWN1EqNbwyYpjU9sitCPoiYu9mCpump,68,high_concentration,2,0.629,strong,30,complete,complete_data,232.7,
7,DHwBHwLh3ip5BJsT6wwjRtynqQUqSup9trumVci2pump,66,high_concentration,2,0.5756,strong,30,complete,complete_data,261.2,
8,FNFWruo2ipezgz8Qy2garyA3zfRivhmFr5U8Szbgpump,66,high_concentration,1,0.9048,strong,30,complete,complete_data,235.7,
9,2oZgrwkykmunmFFMmxxEnhbYZYXzpLfXz8LEqXg8pump,61,high_concentration,1,0.6663,strong,30,complete,complete_data,261.8,
10,9ZMV2ycpzszQgPirHPXetLajFxhkxREt3J4Pv9iTpump,60,high_concentration,1,0.8842,strong,30,complete,complete_data,271.0,
11,3YjCiTPRpJZYj4P4g6keg7ksYNx1GAt4RyTmUuvEpump,59,high_concentration,2,0.4687,strong,30,complete,complete_data,250.8,
12,28EnNNPPMrVUDKiZHyB4h9W7zpNZ9UVDmQhuuC1fpump,59,high_concentration,1,0.977,strong,30,complete,complete_data,426.5,
13,2XmQ7nfgxg7e5mEr7GaH2CXbNoTBpPHmnWKeHrqjpump,57,high_concentration,1,0.7799,strong,30,complete,complete_data,228.9,
14,FnqXjNmCPEBNMTnveAvwuRsCdtKz7qnjJjGB1EwNpump,56,high_concentration,1,0.7829,strong,30,complete,complete_data,321.5,
15,r8AY8VmunYfQ1GA3H1T47k1abZwsL7cYAyuDcKapump,52,high_concentration,2,0.4924,strong,30,complete,complete_data,219.6,
16,J8hE3Tec7A81YEbkp95oyJVA2XMGAs9UtCRFAZPipump,51,high_concentration,2,0.4842,strong,30,complete,complete_data,262.7,
17,5gnzuxsat5q9ZtpXkp2i6nNBi7cksh741AwjLAxfpump,49,high_concentration,3,0.3691,strong,30,complete,complete_data,263.4,
18,J1Nm1fc83oFjxpSGRGZ6nDi1M93bTovkfJasAYxMpump,49,high_concentration,2,0.9862,strong,30,complete,complete_data,114.7,
19,BiNof46iwKUJV5ABYtSdQW2Go9aLmcBWr4BUJXhoNXDW,49,high_concentration,1,0.981,strong,30,complete,complete_data,129.6,
20,4SEijDZGqNtVB2qEAGTBnLn8R8vcS5f8crq7cWJppump,48,suspicious,2,0.4428,moderate,30,complete,complete_data,266.4,
21,BAzJxs7AKoqqzKFFt5eyJKNhDNQuxo2yXpdB2Q81pump,46,suspicious,5,0.2782,moderate,30,complete,complete_data,295.2,
22,8VzG7qNHwUTfbMk96BEJgFK5avySr9r2aWBigrZypump,46,suspicious,1,0.9259,moderate,30,complete,complete_data,87.1,
23,31V5ojNhQPziBsqx7HCb7sBYvkKBD97DSYE49c2xpump,44,suspicious,1,0.9399,moderate,30,complete,complete_data,179.7,
24,FQ6gS8fQnLLHTVTQTU9JKiQKCa4rb525XZr4eXJ4e477,43,suspicious,3,0.6252,moderate,30,complete,complete_data,285.6,
25,6kx6UqNzR58wm7ZpugLfDAzufRmVjJEmKUsFTE3apump,42,suspicious,1,0.8209,moderate,30,complete,complete_data,317.2,
26,EnrfQThbgGVNdjWXtKzmBqTiqD7WXK8jBDMxLtMopump,42,suspicious,1,0.5802,moderate,30,complete,complete_data,258.1,
27,XtvCFo7AAbkcmWtjQM3tgodR4CwDGTGRnYtpzzXpump,41,suspicious,1,0.8725,moderate,30,complete,complete_data,130.6,
28,Fv8kRjFnfJSoEZM81jkG3SfUkjVbwHT3WEkgCXNNpump,40,suspicious,2,0.3413,moderate,30,complete,complete_data,243.0,
29,H2aNPtNJnufLQgb68BR2zbQ1fPWT4MEEkGx69jURpump,39,suspicious,4,0.2191,moderate,30,complete,complete_data,242.0,
30,ALiTAzkQAbebCxjUAoeTSs5TBgsc9GdPAJvCZF6atZxB,39,suspicious,1,0.4368,moderate,30,complete,complete_data,230.3,
