mint,risk_score,band,clusters_count,max_share,coordination_category,wallets,graph_status,reasons,elapsed_s,error
FgbWXWvMw8kJTasE8t1vmgJmudCdukmYxtkezGQppump,0,clean,0,0,none,30,complete,complete_data,336.9,
FUYgn3sTAvg9DZ92WJsLeoM4ZESZu5AiVJzaaWHtpump,20,suspicious,2,0.2188,moderate,30,complete,complete_data,328.0,
Fk1er7Y2VYaRgjmxFaTyrdJ9n8cPh29BLzQd2C4Apump,0,clean,0,0,none,30,complete,complete_data,311.3,
EryWc7v1cH57nv94WUrix64fe9CNfFyGWxiP4xSxpump,0,insufficient_data,0,0,none,30,incomplete,ingest_incomplete;missing_histories:2;delegated_incomplete,271.1,
tbwgfD3bmzTnm5GaDDapQT4P3Faa7kQG8iiqk9npump,0,clean,0,0,none,30,complete,complete_data,291.8,
4XV9KNN3ciSe4sHhg6pLn2LjBvvoR8K65x57AthGpump,8,clean,1,0.1365,weak,30,complete,complete_data,312.9,
6BvUM3ephxUg19W7Fk6bDmdfouM2htb35V7NGj6Qpump,16,clean,2,0.1026,weak,30,complete,complete_data,312.1,
6xX8NuR89nWZsCUAtzi4NUyP8ByyiyzbHcWnAmGnpump,0,clean,0,0,none,30,complete,complete_data,307.1,
9J5mB5NBPnN7LEBThwv6W4x7N66YqzApxhgVf9FVpump,21,suspicious,1,0.4329,moderate,30,complete,complete_data,203.1,
4mEE8uXrqfM6LDpshWVJbSAJVmDsGJgQ2Bnq8SAApump,10,clean,1,0.1605,weak,30,complete,complete_data,313.4,
HWNEK5SJmrw8UU2b57EDNP2LZFP2oc1B2cFGw4C9pump,8,clean,2,0.0829,weak,30,complete,complete_data,369.3,
3zREMnrV7foSkyA4tMHUmEii2D6qY2qpZydCiLURpump,0,clean,0,0,none,30,complete,complete_data,404.6,
GpK8AqaHvKePqF3bbYNDg2h9w3drAhqepRCcXXEqpump,0,clean,0,0,none,30,complete,complete_data,240.6,
DNaq8bSWArKDBnXRXGvtSkaHU4xZXJWDZfgq5sPKpump,0,clean,0,0,none,30,complete,complete_data,321.8,
93gNoQh6qQBa81qUTNC4ABZonuvnjUTP4knVQwBkpump,19,suspicious,1,0.2239,moderate,30,complete,complete_data,347.0,
C6mkCf1KaSQG5tYZWnx9DQABCoJYuc69T9eUqzmupump,0,clean,0,0,none,30,complete,complete_data,337.3,
7g1JSRWzMEm3i9bN6L7pdnX6UPhEPEwTufF6pJjopump,0,clean,0,0,none,30,complete,complete_data,290.9,
AhfWYESmU2Gc41viXg9iVu4HAfGVPCSURsGS2dEbpump,1,clean,1,0.0178,weak,30,complete,complete_data,285.9,
9iQFnxrDDMFrhLx2pYJCDeqN3wFuaBimQkUnZQHNpump,32,suspicious,4,0.1587,moderate,30,complete,complete_data,399.3,
C1mBk7UQbvvvkCRLxW7oPqC2NLwxk4Ny64P76TrPpump,11,clean,2,0.1517,weak,30,complete,complete_data,289.8,
FbmqyeUrBC32JxLYi1QoT7iu2qDLSU7oXYP9eWcWpump,37,suspicious,4,0.2948,moderate,30,complete,complete_data,217.0,
J6vx5omr3UpERjiiW8f9arRFS8PFZsMgMWtBiHKepump,40,suspicious,3,0.2556,moderate,30,complete,complete_data,301.4,
9uiCrNymHoFsv4Ji3cLekRcjKHR1bdZo1mRcGm6fpump,0,clean,0,0,none,30,complete,complete_data,382.7,
3aU4AabWUwJyQdyFQrkhmmbj75ejrXaRPQxpiECEpump,17,clean,3,0.4459,weak,30,complete,complete_data,332.3,
FuNH6MRqf6y7b2rcxWBdZNnLoFJu4xUUmCEuq8wTpump,0,clean,0,0,none,30,complete,complete_data,270.8,
4nRN7Q41xNf1HPnGHDXieFNUxPX15FARqCSBuXp8pump,0,clean,0,0,none,30,complete,complete_data,291.5,
83UMsz8NzWKHofBGQZT26sqNCwPEJMx7YoYjfmXUpump,0,clean,0,0,none,30,complete,complete_data,311.5,
93x8t6dwHbhYdHUCgirUhL9wsRFS9P3Lm8dWgUfkpump,0,clean,1,0.0059,weak,30,complete,complete_data,282.1,
3gV3t7Y9zsd7wNjGXXukn2RT81vfH46hA3oEcHgVpump,0,clean,0,0,none,30,complete,complete_data,563.1,
C8RPJ4Yo79mLs4tfc96B9UeiMfhv8knqrej8qvErpump,0,clean,0,0,none,30,complete,complete_data,295.7,
